{"main":"vitech-bank-customer-acct-creation.raml","name":"vitech-bank-customer-acct-creation","groupId":"b5bd18c9-7302-469a-8e62-1644f13c4c6a","assetId":"vitech-bank-customer-acct-creation","version":"1.0.0","classifier":"raml","tags":[],"descriptorVersion":"1.0.0","organizationId":"b5bd18c9-7302-469a-8e62-1644f13c4c6a","apiVersion":"v1","originalFormatVersion":"1.0","metadata":{"projectId":"c05a362f-70fb-49ca-a612-7b72c757750d","branchId":"master","commitId":"e5b20af403da2e14dfb26ccdc66487450707cf7c"}}